States and Provinces,,"Revised June 23, 2014",,,,,,,,,,,,,,,,,,,,,,,,,,,,,,,,,,,,,,,,,,,,,,,,,,,,,,,,,,,,,,,,,,,,,,,,,,,,,,,,,,,,,,,,,,,,,,,,,,,,,,,,,,,,,,,
#isocode,Location,Expenditures-Academic,Expenditures-Academic-Source,Expenditures-Academic-Year,Expenditures-National,Expenditures-National-Source,Expenditures-National-Year,Expenditures-Public,Expenditures-Public-Source,Expenditures-Public-Year,Expenditures-School,Expenditures-School-Source,Expenditures-School-Year,Expenditures-Special,Expenditures-Special-Source,Expenditures-Special-Year,Librarians-Academic,Librarians-Academic-Source,Librarians-Academic-Year,Librarians-National,Librarians-National-Source,Librarians-National-Year,Librarians-Public,Librarians-Public-Source,Librarians-Public-Year,Librarians-School,Librarians-School-Source,Librarians-School-Year,Librarians-Special,Librarians-Special-Source,Librarians-Special-Year,Libraries-Academic,Libraries-Academic-Source,Libraries-Academic-Year,Libraries-National,Libraries-National-Source,Libraries-National-Year,Libraries-Public,Libraries-Public-Source,Libraries-Public-Year,Libraries-School,Libraries-School-Source,Libraries-School-Year,Libraries-Special,Libraries-Special-Source,Libraries-Special-Year,Library Schools,Library Schools-Source,Library Schools-Year,Users-Academic,Users-Academic-Source,Users-Academic-Year,Users-National,Users-National-Source,Users-National-Year,Users-Public,Users-Public-Source,Users-Public-Year,Users-School,Users-School-Source,Users-School-Year,Users-Special,Users-Special-Source,Users-Special-Year,Volumes-Academic,Volumes-Academic-Source,Volumes-Academic-Year,Volumes-National,Volumes-National-Source,Volumes-National-Year,Volumes-Public,Volumes-Public-Source,Volumes-Public-Year,Volumes-School,Volumes-School-Source,Volumes-School-Year,Volumes-Special,Volumes-Special-Source,Volumes-Special-Year,Publishers,Publishers-Source,Publishers-Year,Museums,Museums-Source,Museums-Year,Notes,oclcdat,oclcSource,oclcYear,lang1,pct1,lang2,pct2,lang3,pct3,lang4,pct4,lang5,pct5,lang6,pct6,lang7,pct7,lang8,pct8,lang9,pct9,lang10,pct10,lang11,pct11,lang12,pct12
CA-AB,Alberta,NA,,,NA,,,137178803 ,32 ,Varies,NA,,,NA,,,NA,,,NA,,,166,32,Varies,NA,,,NA,,,72,6,2015,NA,,,322,6,2015,NA,,,199,6,2015,1,57,2016,NA,,,NA,,,NA,,,NA,,,NA,,,NA,,,NA,,,10312983,32,Varies,NA,,,1362308,56,2012,24,47,2012,261,16,2012,,,,,,,,,,,,,,,,,,,,,,,,,,,,
CA-BC,British Columbia,NA,,,NA,,,198770475 ,32 ,Varies,NA,,,NA,,,NA,,,NA,,,480,32,Varies,NA,,,NA,,,90,6,2015,NA,,,267,6,2015,NA,,,242,6,2015,1,57,2016,NA,,,NA,,,NA,,,NA,,,NA,,,NA,,,NA,,,12965046,32,Varies,NA,,,668964,56,2012,44,47,2012,390,16,2012,,,,,,,,,,,,,,,,,,,,,,,,,,,,
CA-MB,Manitoba,NA,,,NA,,,35587745 ,32 ,Varies,NA,,,NA,,,NA,,,NA,,,45,32,Varies,NA,,,NA,,,33,6,2015,NA,,,117,6,2015,NA,,,143,6,2015,0,57,2016,NA,,,NA,,,NA,,,NA,,,NA,,,NA,,,NA,,,3332526,32,Varies,NA,,,499068,56,2012,13,47,2012,216,16,2012,,,,,,,,,,,,,,,,,,,,,,,,,,,,
CA-NB,New Brunswick,NA,,,NA,,,17861198 ,32 ,Varies,NA,,,NA,,,NA,,,NA,,,71,32,Varies,NA,,,NA,,,25,6,2015,NA,,,71,6,2015,NA,,,53,6,2015,0,57,2016,NA,,,NA,,,NA,,,NA,,,NA,,,NA,,,NA,,,1901320,32,Varies,NA,,,112505,56,2012,3,47,2012,132,16,2012,,,,,,,,,,,,,,,,,,,,,,,,,,,,
CA-NS,Nova Scotia,NA,,,NA,,,35024813 ,32 ,Varies,NA,,,NA,,,NA,,,NA,,,49,32,Varies,NA,,,NA,,,42,6,2015,NA,,,90,6,2015,NA,,,114,6,2015,1,57,2016,NA,,,NA,,,NA,,,NA,,,NA,,,NA,,,NA,,,2468684,32,Varies,NA,,,678361,56,2012,7,47,2012,196,16,2012,,,,,,,,,,,,,,,,,,,,,,,,,,,,
CA-ON,Ontario,NA,,,NA,,,671665154 ,32 ,Varies,NA,,,NA,,,NA,,,NA,,,1433,32,Varies,NA,,,NA,,,245,6,2015,NA,,,965,6,2015,NA,,,1102,6,2015,3,57,2016,NA,,,NA,,,NA,,,NA,,,NA,,,NA,,,NA,,,37311712,32,Varies,NA,,,3735085,56,2012,207,47,2012,754,16,2012,,,,,,,,,,,,,,,,,,,,,,,,,,,,
CA-PE,Prince Edward Island,NA,,,NA,,,2794600 ,32 ,Varies,NA,,,NA,,,NA,,,NA,,,NA,32,Varies,NA,,,NA,,,6,6,2015,NA,,,26,6,2015,NA,,,13,6,2015,0,57,2016,NA,,,NA,,,NA,,,NA,,,NA,,,NA,,,NA,,,372006,32,Varies,NA,,,20500,56,2012,0,47,2012,43,16,2012,,,,,,,,,,,,,,,,,,,,,,,,,,,,
CA-QC,Quebec,NA,,,NA,,,340264901 ,32 ,Varies,NA,,,NA,,,NA,,,NA,,,453,32,Varies,NA,,,NA,,,181,6,2015,NA,,,984,6,2015,NA,,,413,6,2015,2,57,2016,NA,,,NA,,,NA,,,NA,,,NA,,,NA,,,NA,,,26782621,32,Varies,NA,,,4979360,56,2012,120,47,2012,593,16,2012,,,,,,,,,,,,,,,,,,,,,,,,,,,,
CA-SK,Saskatchewan,NA,,,NA,,,47505108 ,32 ,Varies,NA,,,NA,,,NA,,,NA,,,90,32,Varies,NA,,,NA,,,31,6,2015,NA,,,339,6,2015,NA,,,93,6,2015,0,57,2016,NA,,,NA,,,NA,,,NA,,,NA,,,NA,,,NA,,,4214043,32,Varies,NA,,,399637,56,2012,6,47,2012,269,16,2012,,,,,,,,,,,,,,,,,,,,,,,,,,,,
CA-NL,Newfoundland and Labrador,NA,,,NA,,,11233219 ,32 ,Varies,NA,,,NA,,,NA,,,NA,,,NA,32,Varies,NA,,,NA,,,25,6,2015,NA,,,100,6,2015,NA,,,47,6,2015,0,57,2016,NA,,,NA,,,NA,,,NA,,,NA,,,NA,,,NA,,,1300019,32,Varies,NA,,,85500,56,2012,0,47,2012,166,16,2012,,,,,,,,,,,,,,,,,,,,,,,,,,,,
CA-NT,Northwest Territories,NA,,,NA,,,694900 ,32 ,Varies,NA,,,NA,,,NA,,,NA,,,NA,32,Varies,NA,,,NA,,,2,6,2015,NA,,,20,6,2015,NA,,,10,6,2015,0,57,2016,NA,,,NA,,,NA,,,NA,,,NA,,,NA,,,NA,,,182688,32,Varies,NA,,,45000,56,2012,0,47,2012,11,16,2012,,,,,,,,,,,,,,,,,,,,,,,,,,,,
CA-NU,Nunavut,NA,,,NA,,,1577000 ,32 ,Varies,NA,,,NA,,,NA,,,NA,,,NA,32,Varies,NA,,,NA,,,1,6,2015,NA,,,10,6,2015,NA,,,9,6,2015,0,57,2016,NA,,,NA,,,NA,,,NA,,,NA,,,NA,,,NA,,,81578,32,Varies,NA,,,NA,56,2012,0,47,2012,9,16,2012,,,,,,,,,,,,,,,,,,,,,,,,,,,,
CA-YT,Yukon Territory,NA,,,NA,,,1830000 ,32 ,Varies,NA,,,NA,,,NA,,,NA,,,NA,32,Varies,NA,,,NA,,,1,6,2015,NA,,,14,6,2015,NA,,,20,6,2015,0,57,2016,NA,,,NA,,,NA,,,NA,,,NA,,,NA,,,NA,,,178744,32,Varies,NA,,,2200,56,2012,0,47,2012,23,16,2012,,,,,,,,,,,,,,,,,,,,,,,,,,,,
US-AK,Alaska,16173206 ,33 ,2012 ,NA,,,35890655 ,34 ,2013 ,NA,,,NA,,,48,33,2012,NA,,,109.47,34,2013,NA,,,NA,,,6,33,2012,NA,,,84,34,2013,366,35,2000,44,56,2016,0,57,2016,NA,,,NA,,,336841,34,2013,NA,,,NA,,,2133109,33,2012,NA,,,2439730,34,2013,NA,,,853519,56,2012,2,47,2012,162,79,2015,,,,,,,,,,,,,,,,,,,,,,,,,,,,
US-AL,Alabama,89004634 ,33 ,2012 ,NA,,,98137407 ,34 ,2013 ,NA,,,NA,,,399,33,2012,NA,,,759.96,34,2013,NA,,,NA,,,70,33,2012,NA,,,221,34,2013,1299,35,2000,52,56,2016,1,57,2016,NA,,,NA,,,2754535,34,2013,NA,,,NA,,,18332585,33,2012,NA,,,9723150,34,2013,NA,,,1317753,56,2012,17,47,2012,463,79,2015,,,,,,,,,,,,,,,,,,,,,,,,,,,,
US-AR,Arkansas,45863634 ,33 ,2012 ,NA,,,68924081 ,34 ,2013 ,NA,,,NA,,,196,33,2012,NA,,,264.28,34,2013,NA,,,NA,,,46,33,2012,NA,,,53,34,2013,1089,35,2000,26,56,2016,0,57,2016,NA,,,NA,,,1503721,34,2013,NA,,,NA,,,7920837,33,2012,NA,,,6578816,34,2013,NA,,,724352,56,2012,11,47,2012,317,79,2015,,,,,,,,,,,,,,,,,,,,,,,,,,,,
US-AZ,Arizona,91558105 ,33 ,2012 ,NA,,,174718983 ,34 ,2013 ,NA,,,NA,,,345,33,2012,NA,,,551.13,34,2013,NA,,,NA,,,59,33,2012,NA,,,85,34,2013,991,35,2000,115,56,2016,1,57,2016,NA,,,NA,,,3376539,34,2013,NA,,,NA,,,13236048,33,2012,NA,,,8446171,34,2013,NA,,,2526351,56,2012,39,47,2012,449,79,2015,,,,,,,,,,,,,,,,,,,,,,,,,,,,
US-CA,California,714500925 ,33 ,2012 ,NA,,,1206002092 ,34 ,2013 ,NA,,,NA,,,2236,33,2012,NA,,,3143.95,34,2013,NA,,,NA,,,361,33,2012,NA,,,166,34,2013,6340,35,2000,596,56,2016,2,57,2016,NA,,,NA,,,21596165,34,2013,NA,,,NA,,,101081860,33,2012,NA,,,67640760,34,2013,NA,,,10255204,56,2012,464,47,2012,2670,79,2015,,,,,,,,,,,,,,,,,,,,,,,,,,,,
US-CO,Colorado,101328081 ,33 ,2012 ,NA,,,256411052 ,34 ,2013 ,NA,,,NA,,,326,33,2012,NA,,,864.73,34,2013,NA,,,NA,,,61,33,2012,NA,,,97,34,2013,1355,35,2000,110,56,2016,1,57,2016,NA,,,NA,,,3517109,34,2013,NA,,,NA,,,19034480,33,2012,NA,,,10823244,34,2013,NA,,,1141454,56,2012,83,47,2012,649,79,2015,,,,,,,,,,,,,,,,,,,,,,,,,,,,
US-CT,Connecticut,152388676 ,33 ,2012 ,NA,,,202345338 ,34 ,2013 ,NA,,,NA,,,489,33,2012,NA,,,1108.24,34,2013,NA,,,NA,,,41,33,2012,NA,,,193,34,2013,934,35,2000,145,56,2016,0,57,2016,NA,,,NA,,,1735150,34,2013,NA,,,NA,,,24946486,33,2012,NA,,,15264395,34,2013,NA,,,1966505,56,2012,80,47,2012,554,79,2015,,,,,,,,,,,,,,,,,,,,,,,,,,,,
US-DC,District of Columbia,90934715 ,33 ,2012 ,NA,,,42646984 ,34 ,2013 ,NA,,,NA,,,274,33,2012,NA,,,158,34,2013,NA,,,NA,,,17,33,2012,NA,,,1,34,2013,138,35,2000,192,56,2016,1,57,2016,NA,,,NA,,,315737,34,2013,NA,,,NA,,,11342568,33,2012,NA,,,1802305,34,2013,NA,,,8220541,56,2012,113,47,2012,190,79,2015,,,,,,,,,,,,,,,,,,,,,,,,,,,,
US-DE,Delaware,26920185 ,33 ,2012 ,NA,,,24304619 ,34 ,2013 ,NA,,,NA,,,93,33,2012,NA,,,115.55,34,2013,NA,,,NA,,,11,33,2012,NA,,,19,34,2013,136,35,2000,30,56,2016,0,57,2016,NA,,,NA,,,417577,34,2013,NA,,,NA,,,3863747,33,2012,NA,,,1642391,34,2013,NA,,,704013,56,2012,11,47,2012,132,79,2015,,,,,,,,,,,,,,,,,,,,,,,,,,,,
US-FL,Florida,248938193 ,33 ,2012 ,NA,,,511180506 ,34 ,2013 ,NA,,,NA,,,1098,33,2012,NA,,,1912.1,34,2013,NA,,,NA,,,169,33,2012,NA,,,60,34,2013,2436,35,2000,195,56,2016,2,57,2016,NA,,,NA,,,10635179,34,2013,NA,,,NA,,,33465984,33,2012,NA,,,31350819,34,2013,NA,,,1762182,56,2012,130,47,2012,1149,79,2015,,,,,,,,,,,,,,,,,,,,,,,,,,,,
US-GA,Georgia,176628408 ,33 ,2012 ,NA,,,178653367 ,34 ,2013 ,NA,,,NA,,,799,33,2012,NA,,,605,34,2013,NA,,,NA,,,113,33,2012,NA,,,61,34,2013,1710,35,2000,128,56,2016,1,57,2106,NA,,,NA,,,4756949,34,2013,NA,,,NA,,,25373859,33,2012,NA,,,16089310,34,2013,NA,,,722624,56,2012,72,47,2012,668,79,2015,,,,,,,,,,,,,,,,,,,,,,,,,,,,
US-HI,Hawaii,30614901 ,33 ,2012 ,NA,,,30525688 ,34 ,2013 ,NA,,,NA,,,132,33,2012,NA,,,174,34,2013,NA,,,NA,,,14,33,2012,NA,,,1,34,2013,247,35,2000,38,56,2016,1,57,2016,NA,,,NA,,,981460,34,2013,NA,,,NA,,,4153794,33,2012,NA,,,3371766,34,2013,NA,,,892370,56,2012,12,47,2012,176,79,2015,,,,,,,,,,,,,,,,,,,,,,,,,,,,
US-IA,Iowa,82272584 ,33 ,2012 ,NA,,,112257329 ,34 ,2013 ,NA,,,NA,,,278,33,2012,NA,,,964,34,2013,NA,,,NA,,,64,33,2012,NA,,,543,34,2013,1463,35,2000,70,56,2016,1,57,2016,NA,,,NA,,,2048147,34,2013,NA,,,NA,,,15676466,33,2012,NA,,,12033109,34,2013,NA,,,858364,56,2012,30,47,2012,661,79,2015,,,,,,,,,,,,,,,,,,,,,,,,,,,,
US-ID,Idaho,24333419 ,33 ,2012 ,NA,,,45053335 ,34 ,2013 ,NA,,,NA,,,89,33,2012,NA,,,213.31,34,2013,NA,,,NA,,,15,33,2012,NA,,,100,34,2013,545,35,2000,30,56,2016,0,57,2016,NA,,,NA,,,801245,34,2013,NA,,,NA,,,4211843,33,2012,NA,,,4357460,34,2013,NA,,,252357,56,2012,7,47,2012,214,79,2015,,,,,,,,,,,,,,,,,,,,,,,,,,,,
US-IL,Illinois,323169099 ,33 ,2012 ,NA,,,701566240 ,34 ,2013 ,NA,,,NA,,,1202,33,2012,NA,,,3137.13,34,2013,NA,,,NA,,,158,33,2012,NA,,,625,34,2013,3638,35,2000,357,56,2016,2,57,2016,NA,,,NA,,,6814354,34,2013,NA,,,NA,,,60551289,33,2012,NA,,,43400357,34,2013,NA,,,7522211,56,2012,267,47,2012,1310,79,2015,,,,,,,,,,,,,,,,,,,,,,,,,,,,
US-IN,Indiana,159868167 ,33 ,2012 ,NA,,,301286629 ,34 ,2013 ,NA,,,NA,,,606,33,2012,NA,,,1433.9,34,2013,NA,,,NA,,,80,33,2012,NA,,,237,34,2013,1737,35,2000,117,56,2016,1,57,2016,NA,,,NA,,,3757048,34,2013,NA,,,NA,,,29981530,33,2012,NA,,,24066234,34,2013,NA,,,4375312,56,2012,73,47,2012,685,79,2015,,,,,,,,,,,,,,,,,,,,,,,,,,,,
US-KS,Kansas,60162868 ,33 ,2012 ,NA,,,111967791 ,34 ,2013 ,NA,,,NA,,,238,33,2012,NA,,,665.69,34,2013,NA,,,NA,,,57,33,2012,NA,,,328,34,2013,1374,35,2000,64,56,2016,1,57,2016,NA,,,NA,,,1686821,34,2013,NA,,,NA,,,14277989,33,2012,NA,,,9339647,34,2013,NA,,,1078205,56,2012,22,47,2012,537,79,2015,,,,,,,,,,,,,,,,,,,,,,,,,,,,
US-KY,Kentucky,84958989 ,33 ,2012 ,NA,,,134481103 ,34 ,2013 ,NA,,,NA,,,393,33,2012,NA,,,1158.9,34,2013,NA,,,NA,,,65,33,2012,NA,,,119,34,2013,1222,35,2000,68,56,2016,1,57,2016,NA,,,NA,,,2575787,34,2013,NA,,,NA,,,15471380,33,2012,NA,,,8878375,34,2013,NA,,,1631181,56,2012,39,47,2012,466,79,2015,,,,,,,,,,,,,,,,,,,,,,,,,,,,
US-LA,Louisiana,78519819 ,33 ,2012 ,NA,,,191218472 ,34 ,2013 ,NA,,,NA,,,346,33,2012,NA,,,1043.07,34,2013,NA,,,NA,,,51,33,2012,NA,,,68,34,2013,1269,35,2000,70,56,2016,1,57,2016,NA,,,NA,,,2450520,34,2013,NA,,,NA,,,18692657,33,2012,NA,,,11649410,34,2013,NA,,,1229512,56,2012,9,47,2012,395,79,2015,,,,,,,,,,,,,,,,,,,,,,,,,,,,
US-MA,Massachusetts,396042487 ,33 ,2012 ,NA,,,283250627 ,34 ,2013 ,NA,,,NA,,,1433,33,2012,NA,,,1790.71,34,2013,NA,,,NA,,,117,33,2012,NA,,,370,34,2013,1609,35,2000,273,56,2016,1,57,2016,NA,,,NA,,,3336872,34,2013,NA,,,NA,,,50561808,33,2012,NA,,,32124590,34,2013,NA,,,6838242,56,2012,196,47,2012,1028,79,2015,,,,,,,,,,,,,,,,,,,,,,,,,,,,
US-MD,Maryland,144374042 ,33 ,2012 ,NA,,,254954316 ,34 ,2013 ,NA,,,NA,,,482,33,2012,NA,,,1308.54,34,2013,NA,,,NA,,,54,33,2012,NA,,,14,34,2013,1226,35,2000,182,56,2016,1,57,2016,NA,,,NA,,,3369292,34,2013,NA,,,NA,,,16950601,33,2012,NA,,,12926952,34,2013,NA,,,9042992,56,2012,155,47,2012,618,79,2015,,,,,,,,,,,,,,,,,,,,,,,,,,,,
US-ME,Maine,33063218 ,33 ,2012 ,NA,,,43312730 ,34 ,2013 ,NA,,,NA,,,137,33,2012,NA,,,338.87,34,2013,NA,,,NA,,,28,33,2012,NA,,,266,34,2013,621,35,2000,57,56,2016,0,57,2016,NA,,,NA,,,761020,34,2013,NA,,,NA,,,5147646,33,2012,NA,,,6404097,34,2013,NA,,,693874,56,2012,25,47,2012,521,79,2015,,,,,,,,,,,,,,,,,,,,,,,,,,,,
US-MI,Michigan,234820127 ,33 ,2012 ,NA,,,369819105 ,34 ,2013 ,NA,,,NA,,,835,33,2012,NA,,,1786.15,34,2013,NA,,,NA,,,87,33,2012,NA,,,384,34,2013,2942,35,2000,179,56,2016,2,57,2016,NA,,,NA,,,5014084,34,2013,NA,,,NA,,,38414322,33,2012,NA,,,33410694,34,2013,NA,,,1400385,56,2012,91,47,2012,1039,79,2015,,,,,,,,,,,,,,,,,,,,,,,,,,,,
US-MN,Minnesota,126307748 ,33 ,2012 ,NA,,,200649274 ,34 ,2013 ,NA,,,NA,,,521,33,2012,NA,,,741.38,34,2013,NA,,,NA,,,88,33,2012,NA,,,128,34,2013,1483,35,2000,155,56,2016,1,57,2016,NA,,,NA,,,4258248,34,2013,NA,,,NA,,,19322145,33,2012,NA,,,14779421,34,2013,NA,,,2131237,56,2012,133,47,2012,681,79,2015,,,,,,,,,,,,,,,,,,,,,,,,,,,,
US-MO,Missouri,129753880 ,33 ,2012 ,NA,,,209002003 ,34 ,2013 ,NA,,,NA,,,556,33,2012,NA,,,823.13,34,2013,NA,,,NA,,,105,33,2012,NA,,,140,34,2013,1906,35,2000,154,56,2016,1,57,2016,NA,,,NA,,,3323762,34,2013,NA,,,NA,,,21033484,33,2012,NA,,,17194119,34,2013,NA,,,2703938,56,2012,57,47,2012,742,79,2015,,,,,,,,,,,,,,,,,,,,,,,,,,,,
US-MS,Mississippi,57315683 ,33 ,2012 ,NA,,,48942944 ,34 ,2013 ,NA,,,NA,,,248,33,2012,NA,,,684.13,34,2013,NA,,,NA,,,38,33,2012,NA,,,49,34,2013,859,35,2000,38,56,2016,1,57,2016,NA,,,NA,,,1557245,34,2013,NA,,,NA,,,8988446,33,2012,NA,,,5686530,34,2013,NA,,,1457291,56,2012,5,47,2012,247,79,2015,,,,,,,,,,,,,,,,,,,,,,,,,,,,
US-MT,Montana,20913505 ,33 ,2012 ,NA,,,23931236 ,34 ,2013 ,NA,,,NA,,,74,33,2012,NA,,,184.33,34,2013,NA,,,NA,,,22,33,2012,NA,,,82,34,2013,745,35,2000,38,56,2016,0,57,2016,NA,,,NA,,,482214,34,2013,NA,,,NA,,,3390993,33,2012,NA,,,2630100,34,2013,NA,,,438594,56,2012,12,47,2012,270,79,2015,,,,,,,,,,,,,,,,,,,,,,,,,,,,
US-NC,North Carolina,248447925 ,33 ,2012 ,NA,,,194767918 ,34 ,2013 ,NA,,,NA,,,1081,33,2012,NA,,,758.79,34,2013,NA,,,NA,,,140,33,2012,NA,,,69,34,2013,1877,35,2000,122,56,2016,4,57,2016,NA,,,NA,,,5441968,34,2013,NA,,,NA,,,36425935,33,2012,NA,,,16516721,34,2013,NA,,,1425788,56,2012,68,47,2012,779,79,2015,,,,,,,,,,,,,,,,,,,,,,,,,,,,
US-ND,North Dakota,17434682 ,33 ,2012 ,NA,,,16058053 ,34 ,2013 ,NA,,,NA,,,76,33,2012,NA,,,126.34,34,2013,NA,,,NA,,,20,33,2012,NA,,,81,34,2013,461,35,2000,20,56,2016,0,57,2016,NA,,,NA,,,274797,34,2013,NA,,,NA,,,3398069,33,2012,NA,,,2372102,34,2013,NA,,,428237,56,2012,3,47,2012,269,79,2015,,,,,,,,,,,,,,,,,,,,,,,,,,,,
US-NE,Nebraska,46281597 ,33 ,2012 ,NA,,,51601725 ,34 ,2013 ,NA,,,NA,,,182,33,2012,NA,,,353.22,34,2013,NA,,,NA,,,35,33,2012,NA,,,267,34,2013,1014,35,2000,74,56,2016,0,57,2016,NA,,,NA,,,1046619,34,2013,NA,,,NA,,,8761604,33,2012,NA,,,5919866,34,2013,NA,,,433391,56,2012,11,47,2012,347,79,2015,,,,,,,,,,,,,,,,,,,,,,,,,,,,
US-NH,New Hampshire,46245030 ,33 ,2012 ,NA,,,56034601 ,34 ,2013 ,NA,,,NA,,,162,33,2012,NA,,,465.07,34,2013,NA,,,NA,,,25,33,2012,NA,,,230,34,2013,432,35,2000,45,56,2016,0,57,2016,NA,,,NA,,,814407,34,2013,NA,,,NA,,,6299285,33,2012,NA,,,5957677,34,2013,NA,,,854093,56,2012,40,47,2012,363,79,2015,,,,,,,,,,,,,,,,,,,,,,,,,,,,
US-NJ,New Jersey,174152874 ,33 ,2012 ,NA,,,451165277 ,34 ,2013 ,NA,,,NA,,,580,33,2012,NA,,,1412.76,34,2013,NA,,,NA,,,58,33,2012,NA,,,296,34,2013,2086,35,2000,231,56,2016,1,57,2016,NA,,,NA,,,4490318,34,2013,NA,,,NA,,,25566822,33,2012,NA,,,28590655,34,2013,NA,,,2284430,56,2012,173,47,2012,756,79,2015,,,,,,,,,,,,,,,,,,,,,,,,,,,,
US-NM,New Mexico,46375855 ,33 ,2012 ,NA,,,44121251 ,34 ,2013 ,NA,,,NA,,,150,33,2012,NA,,,278.09,34,2013,NA,,,NA,,,40,33,2012,NA,,,92,34,2013,684,35,2000,68,56,2016,0,57,2016,NA,,,NA,,,951378,34,2013,NA,,,NA,,,8402773,33,2012,NA,,,4311902,34,2013,NA,,,1011920,56,2012,24,47,2012,320,79,2015,,,,,,,,,,,,,,,,,,,,,,,,,,,,
US-NV,Nevada,35155861 ,33 ,2012 ,NA,,,77548636 ,34 ,2013 ,NA,,,NA,,,107,33,2012,NA,,,208.56,34,2013,NA,,,NA,,,16,33,2012,NA,,,18,34,2013,420,35,2000,32,56,2016,0,57,2016,NA,,,NA,,,1323599,34,2013,NA,,,NA,,,3495898,33,2012,NA,,,4127780,34,2013,NA,,,868451,56,2012,16,47,2012,174,79,2015,,,,,,,,,,,,,,,,,,,,,,,,,,,,
US-NY,New York,603545786 ,33 ,2012 ,NA,,,1155377873 ,34 ,2013 ,NA,,,NA,,,2397,33,2012,NA,,,4093.91,34,2013,NA,,,NA,,,274,33,2012,NA,,,755,34,2013,3738,35,2000,637,56,2016,7,57,2016,NA,,,NA,,,10477671,34,2013,NA,,,NA,,,89179726,33,2012,NA,,,70954927,34,2013,NA,,,11666731,56,2012,817,47,2012,2239,79,2015,,,,,,,,,,,,,,,,,,,,,,,,,,,,
US-OH,Ohio,235874436 ,33 ,2012 ,NA,,,674681241 ,34 ,2013 ,NA,,,NA,,,868,33,2012,NA,,,2850.56,34,2013,NA,,,NA,,,166,33,2012,NA,,,238,34,2013,3584,35,2000,280,56,2016,1,57,2016,NA,,,NA,,,8968809,34,2013,NA,,,NA,,,46858250,33,2012,NA,,,43542589,34,2013,NA,,,5436498,56,2012,101,47,2012,1363,79,2015,,,,,,,,,,,,,,,,,,,,,,,,,,,,
US-OK,Oklahoma,71001370 ,33 ,2012 ,NA,,,108125477 ,34 ,2013 ,NA,,,NA,,,299,33,2012,NA,,,665.72,34,2013,NA,,,NA,,,54,33,2012,NA,,,117,34,2013,1782,35,2000,76,56,2016,1,57,2016,NA,,,NA,,,1994251,34,2013,NA,,,NA,,,13661537,33,2012,NA,,,7270854,34,2013,NA,,,850102,56,2012,16,47,2012,547,79,2015,,,,,,,,,,,,,,,,,,,,,,,,,,,,
US-OR,Oregon,81367982 ,33 ,2012 ,NA,,,179477144 ,34 ,2013 ,NA,,,NA,,,304,33,2012,NA,,,481.38,34,2013,NA,,,NA,,,53,33,2012,NA,,,127,34,2013,1118,35,2000,80,56,2016,0,57,2016,NA,,,NA,,,1996319,34,2013,NA,,,NA,,,12130795,33,2012,NA,,,9957503,34,2013,NA,,,830371,56,2012,49,47,2012,550,79,2015,,,,,,,,,,,,,,,,,,,,,,,,,,,,
US-PA,Pennsylvania,364188109 ,33 ,2012 ,NA,,,322687080 ,34 ,2013 ,NA,,,NA,,,1369,33,2012,NA,,,1756.51,34,2013,NA,,,NA,,,194,33,2012,NA,,,451,34,2013,2941,35,2000,410,56,2016,3,57,2016,NA,,,NA,,,5242024,34,2013,NA,,,NA,,,53912344,33,2012,NA,,,26391949,34,2013,NA,,,6333589,56,2012,251,47,2012,1653,79,2015,,,,,,,,,,,,,,,,,,,,,,,,,,,,
US-RI,Rhode Island,46842137 ,33 ,2012 ,NA,,,44841908 ,34 ,2013 ,NA,,,NA,,,157,33,2012,NA,,,234.68,34,2013,NA,,,NA,,,13,33,2012,NA,,,47,34,2013,277,35,2000,43,56,2016,1,57,2016,NA,,,NA,,,482176,34,2013,NA,,,NA,,,8604336,33,2012,NA,,,4364340,34,2013,NA,,,564620,56,2012,15,47,2012,181,79,2015,,,,,,,,,,,,,,,,,,,,,,,,,,,,
US-SC,South Carolina,91372371 ,33 ,2012 ,NA,,,119897941 ,34 ,2013 ,NA,,,NA,,,392,33,2012,NA,,,593.54,34,2013,NA,,,NA,,,71,33,2012,NA,,,40,34,2013,1035,35,2000,52,56,2016,1,57,2016,NA,,,NA,,,2557911,34,2013,NA,,,NA,,,13104591,33,2012,NA,,,9205537,34,2013,NA,,,1038825,56,2012,20,47,2012,391,79,2015,,,,,,,,,,,,,,,,,,,,,,,,,,,,
US-SD,South Dakota,12194413 ,33 ,2012 ,NA,,,23375431 ,34 ,2013 ,NA,,,NA,,,55,33,2012,NA,,,186.74,34,2013,NA,,,NA,,,20,33,2012,NA,,,111,34,2013,571,35,2000,24,56,2016,0,57,2016,NA,,,NA,,,401783,34,2013,NA,,,NA,,,2931439,33,2012,NA,,,2847529,34,2013,NA,,,189676,56,2012,3,47,2012,234,79,2015,,,,,,,,,,,,,,,,,,,,,,,,,,,,
US-TN,Tennessee,117021515 ,33 ,2012 ,NA,,,104866381 ,34 ,2013 ,NA,,,NA,,,491,33,2012,NA,,,568.97,34,2013,NA,,,NA,,,82,33,2012,NA,,,186,34,2013,1488,35,2000,72,56,2016,1,57,2016,NA,,,NA,,,3269396,34,2013,NA,,,NA,,,17459568,33,2012,NA,,,11640332,34,2013,NA,,,6790592,56,2012,129,47,2012,559,79,2015,,,,,,,,,,,,,,,,,,,,,,,,,,,,
US-TX,Texas,444096166 ,33 ,2012 ,NA,,,451994748 ,34 ,2013 ,NA,,,NA,,,1703,33,2012,NA,,,2433.7,34,2013,NA,,,NA,,,201,33,2012,NA,,,553,34,2013,6246,35,2000,250,56,2016,3,57,2016,NA,,,NA,,,12986426,34,2013,NA,,,NA,,,71651523,33,2012,NA,,,40096556,34,2013,NA,,,5153840,56,2012,99,47,2012,1886,79,2015,,,,,,,,,,,,,,,,,,,,,,,,,,,,
US-UT,Utah,73928496 ,33 ,2012 ,NA,,,93886479 ,34 ,2013 ,NA,,,NA,,,238,33,2012,NA,,,347.2,34,2013,NA,,,NA,,,24,33,2012,NA,,,59,34,2013,693,35,2000,24,56,2016,0,57,2016,NA,,,NA,,,1779962,34,2013,NA,,,NA,,,11647823,33,2012,NA,,,6710732,34,2013,NA,,,455554,56,2012,20,47,2012,170,79,2015,,,,,,,,,,,,,,,,,,,,,,,,,,,,
US-VA,Virginia,200866058 ,33 ,2012 ,NA,,,267293344 ,34 ,2013 ,NA,,,NA,,,777,33,2012,NA,,,968.34,34,2013,NA,,,NA,,,104,33,2012,NA,,,81,34,2013,1602,35,2000,185,56,2016,0,57,2016,NA,,,NA,,,4632627,34,2013,NA,,,NA,,,25913572,33,2012,NA,,,18059238,34,2013,NA,,,4522092,56,2012,153,47,2012,958,79,2015,,,,,,,,,,,,,,,,,,,,,,,,,,,,
US-VT,Vermont,28431656 ,33 ,2012 ,NA,,,22491886 ,34 ,2013 ,NA,,,NA,,,108,33,2012,NA,,,218.66,34,2013,NA,,,NA,,,19,33,2012,NA,,,181,34,2013,332,35,2000,27,56,2016,0,57,2016,NA,,,NA,,,339898,34,2013,NA,,,NA,,,5983573,33,2012,NA,,,2980733,34,2013,NA,,,780278,56,2012,35,47,2012,292,79,2015,,,,,,,,,,,,,,,,,,,,,,,,,,,,
US-WA,Washington,119031491 ,33 ,2012 ,NA,,,361025873 ,34 ,2013 ,NA,,,NA,,,482,33,2012,NA,,,797.42,34,2013,NA,,,NA,,,76,33,2012,NA,,,51,34,2013,1841,35,2000,113,56,2016,1,57,2016,NA,,,NA,,,4153405,34,2013,NA,,,NA,,,18176568,33,2012,NA,,,14271346,34,2013,NA,,,3345742,56,2012,74,47,2012,721,79,2015,,,,,,,,,,,,,,,,,,,,,,,,,,,,
US-WI,Wisconsin,118169306 ,33 ,2012 ,NA,,,219772608 ,34 ,2013 ,NA,,,NA,,,579,33,2012,NA,,,1121.14,34,2013,NA,,,NA,,,70,33,2012,NA,,,378,34,2013,1948,35,2000,142,56,2016,2,57,2016,NA,,,NA,,,3464759,34,2013,NA,,,NA,,,20740604,33,2012,NA,,,18997488,34,2013,NA,,,5388304,56,2012,60,47,2012,887,79,2015,,,,,,,,,,,,,,,,,,,,,,,,,,,,
US-WV,West Virginia,28694245 ,33 ,2012 ,NA,,,34776374 ,34 ,2013 ,NA,,,NA,,,122,33,2012,NA,,,359,34,2013,NA,,,NA,,,31,33,2012,NA,,,97,34,2013,610,35,2000,34,56,2016,0,57,2016,NA,,,NA,,,914128,34,2013,NA,,,NA,,,5994959,33,2012,NA,,,5080525,34,2013,NA,,,466271,56,2012,6,47,2012,258,79,2015,,,,,,,,,,,,,,,,,,,,,,,,,,,,
US-WY,Wyoming,16665280 ,33 ,2012 ,NA,,,31132008 ,34 ,2013 ,NA,,,NA,,,54,33,2012,NA,,,180.07,34,2013,NA,,,NA,,,10,33,2012,NA,,,23,34,2013,346,35,2000,26,56,2016,0,57,2016,NA,,,NA,,,382276,34,2013,NA,,,NA,,,2091662,33,2012,NA,,,2459456,34,2013,NA,,,759226,56,2012,6,47,2012,192,79,2015,,,,,,,,,,,,,,,,,,,,,,,,,,,,
,,,,,,,,,,,,,,,,,,,,,,,,,,,,,,,,,,,,,,,,,,,,,,,,,,,,,,,,,,,,,,,,,,,,,,,,,,,,,,,,,,,,,,,,,,,,,,,,,,,,,,,,,,,,,,,,,
